timestamp,symbol,price,moving_average_5,volatility_5,return_pct
2024-08-12 17:31:57,SAGAUSDT,0.09401709401709013,,,
2024-08-12 17:31:59,SAGAUSDT,0.1794871794871824,,,0.7849230814972602
2024-08-12 17:32:00,SAGAUSDT,0.2820512820512704,,,0.8156388393087469
2024-08-12 17:32:00,SAGAUSDT,0.29059829059829667,,,0.6461893437720002
2024-08-12 17:32:02,SAGAUSDT,0.32478632478634495,0.16455696202530135,0.5590591615293291,0.6923634090971013
2024-08-12 17:32:03,SAGAUSDT,0.3076923076922924,0.21729957805905542,0.33375214658228963,0.6000207401399901
2024-08-12 17:32:04,SAGAUSDT,0.3076923076922924,0.24894514767930787,0.09774937805632629,0.6307967744752803
2024-08-12 17:32:05,SAGAUSDT,0.3846153846153868,0.2742616033755212,0.21392320595000916,0.7693053137404778
2024-08-12 17:32:07,SAGAUSDT,0.3846153846153868,0.29746835443035025,0.23250989201977867,0.6307967744752803
2024-08-12 17:32:07,SAGAUSDT,0.34188034188034067,0.30168776371306194,0.225928086182156,0.5538885309335108
2024-08-12 17:32:09,SAGAUSDT,0.34188034188034067,0.31012658227848533,0.1922564292137321,0.6307967744752803
2024-08-12 17:32:09,SAGAUSDT,0.35042735042736695,0.32067510548523614,0.1297954910613075,0.6461829715450647
2024-08-12 17:32:10,SAGAUSDT,0.37606837606838894,0.3185654008438803,0.11759897847651454,0.6769526360222365
2024-08-12 17:32:12,SAGAUSDT,0.37606837606838894,0.31645569620255287,0.10276538407543208,0.6307967744752803
2024-08-12 17:32:13,SAGAUSDT,0.32478632478634495,0.31223628691981276,0.1307605265868678,0.5385014254822991
2024-08-12 17:32:14,SAGAUSDT,0.32478632478634495,0.3080168776371295,0.15043311872280152,0.6307967744752803
2024-08-12 17:32:15,SAGAUSDT,0.32478632478634495,0.30168776371309036,0.16479122504051877,0.6307967744752803
2024-08-12 17:32:16,SAGAUSDT,0.23931623931622426,0.26793248945148207,0.28892907444223437,0.47691660279897374
2024-08-12 17:32:18,SAGAUSDT,0.24786324786325054,0.23628691983125805,0.2615210531725217,0.6461938985951421
2024-08-12 17:32:19,SAGAUSDT,0.17094017094018454,0.19831223628690964,0.3812291701341684,0.4922308580190261
2024-08-12 17:32:19,SAGAUSDT,0.1538461538461604,0.1561181434599348,0.4005276881401367,0.5999879395823884
2024-08-12 17:32:21,SAGAUSDT,0.1538461538461604,0.11392405063290312,0.2737350039760634,0.6307967744752803
2024-08-12 17:32:22,SAGAUSDT,0.13675213675213627,0.08860759493668979,0.2566686640758268,0.5999842907596097
2024-08-12 17:32:23,SAGAUSDT,0.18803418803418026,0.0738396624472557,0.11434676339467174,0.7232451746837019
2024-08-12 17:32:24,SAGAUSDT,0.19658119658120654,0.08016877637132325,0.14875224899879178,0.6461993679423859
2024-08-12 17:32:25,SAGAUSDT,0.2051282051282044,0.09282700421937307,0.17225157759797663,0.6461984561146762
2024-08-12 17:32:25,SAGAUSDT,0.26495726495724625,0.12025316455694224,0.26863534475963513,0.7386021639129828
2024-08-12 17:32:27,SAGAUSDT,0.2307692307692264,0.14345991561179972,0.18287234122832233,0.5692192108650826
2024-08-12 17:32:28,SAGAUSDT,0.12820512820510999,0.12869198312236563,0.2966581107942816,0.4460203495796122
2024-08-12 17:32:28,SAGAUSDT,0.19658119658120654,0.12869198312236563,0.2966581107942816,0.754068608757738
2024-08-12 17:32:30,SAGAUSDT,0.1538461538461604,0.11603375527423054,0.3257455038320323,0.5537883662781848
2024-08-12 17:32:31,SAGAUSDT,0.13675213675213627,0.08438818565400652,0.2542077379848183,0.5999842907596097
2024-08-12 17:32:32,SAGAUSDT,0.1538461538461604,0.06540084388186074,0.15455533726210496,0.6616129078780875
2024-08-12 17:32:32,SAGAUSDT,0.17094017094018454,0.07594936708861155,0.13266954036441536,0.6616092581909508
2024-08-12 17:32:33,SAGAUSDT,0.18803418803418026,0.0738396624472557,0.11434676339462142,0.661605609368201
2024-08-12 17:32:35,SAGAUSDT,0.16239316239315826,0.07594936708858313,0.11212622651267198,0.5845889940739347
2024-08-12 17:32:36,SAGAUSDT,0.16239316239315826,0.08227848101265067,0.07604770679929938,0.6307967744752803
2024-08-12 17:32:37,SAGAUSDT,0.16239316239315826,0.08438818565400652,0.06538026329766092,0.6307967744752803
2024-08-12 17:32:39,SAGAUSDT,0.18803418803418026,0.08860759493671821,0.08239561252359814,0.6770127632696549
2024-08-12 17:32:40,SAGAUSDT,0.1794871794871824,0.08649789029539079,0.07091485224656136,0.6153941810081747
2024-08-12 17:32:41,SAGAUSDT,0.13675213675213627,0.08016877637132325,0.11544101572774931,0.5537792474613021
2024-08-12 17:32:41,SAGAUSDT,0.14529914529916255,0.07594936708858313,0.1278435679781316,0.6462048411766839
2024-08-12 17:32:43,SAGAUSDT,0.17094017094018454,0.0780590717299674,0.12979549106280103,0.6770182371519975
2024-08-12 17:32:45,SAGAUSDT,0.18803418803418026,0.0780590717299674,0.12979549106280103,0.661605609368201
2024-08-12 17:32:45,SAGAUSDT,0.19658119658120654,0.08227848101265067,0.15291978501599016,0.6461993679423859
2024-08-12 17:32:46,SAGAUSDT,0.19658119658120654,0.09704641350211318,0.12784356797808547,0.6307967744752803
2024-08-12 17:32:47,SAGAUSDT,0.19658119658120654,0.10970464135021984,0.06538026329767319,0.6307967744752803
2024-08-12 17:32:49,SAGAUSDT,0.21367521367520226,0.12025316455694224,0.05493040835225214,0.66160013775413
2024-08-12 17:32:50,SAGAUSDT,0.2307692307692264,0.13080168776369305,0.08970098121141303,0.6615964910909895
2024-08-12 17:32:50,SAGAUSDT,0.2051282051282044,0.13291139240507732,0.08390758473811058,0.5846026682513776
2024-08-12 17:32:51,SAGAUSDT,0.2051282051282044,0.13502109704640475,0.07604770679942235,0.6307967744752803
2024-08-12 17:32:53,SAGAUSDT,0.2051282051282044,0.13713080168773217,0.06538026329780394,0.6307967744752803
2024-08-12 17:32:54,SAGAUSDT,0.12820512820510999,0.11603375527423054,0.22814312038728776,0.49218984519818054
2024-08-12 17:32:55,SAGAUSDT,0.12820512820510999,0.09071729957804564,0.24718683756107393,0.6307967744752803
2024-08-12 17:32:57,SAGAUSDT,0.12820512820510999,0.07172995780587144,0.247186837561107,0.6307967744752803
2024-08-12 17:32:58,SAGAUSDT,0.2051282051282044,0.07172995780587144,0.247186837561107,0.7694775880430379
2024-08-12 17:33:00,SAGAUSDT,0.26495726495724625,0.08649789029533395,0.36505654509541835,0.7386021639129828
2024-08-12 17:33:01,SAGAUSDT,0.24786324786325054,0.11603375527423054,0.3792453101633966,0.6000079926701815
2024-08-12 17:33:03,SAGAUSDT,0.24786324786325054,0.14556962025315556,0.3241980105015655,0.6307967744752803
2024-08-12 17:33:04,SAGAUSDT,0.35042735042736695,0.20042194092823706,0.313953434228827,0.8155513297503051
2024-08-12 17:33:04,SAGAUSDT,0.3589743589743648,0.23839662447258547,0.3280530569091712,0.6461820616576183
2024-08-12 17:33:06,SAGAUSDT,0.35042735042736695,0.2594936708860587,0.3393555400318015,0.6154123970728241
2024-08-12 17:33:07,SAGAUSDT,0.32478632478634495,0.2784810126582329,0.26863534475986633,0.584640912928324
2024-08-12 17:33:08,SAGAUSDT,0.32478632478634495,0.29746835443035025,0.0938115316506284,0.6307967744752803
2024-08-12 17:33:09,SAGAUSDT,0.37606837606838894,0.3037974683544178,0.13076052658859785,0.7231248774810642
2024-08-12 17:33:10,SAGAUSDT,0.35042735042736695,0.30168776371309036,0.12586137710430295,0.5846490999787752
2024-08-12 17:33:10,SAGAUSDT,0.0,0.21518987341769957,0.9111937642108483,0.0
2024-08-12 17:33:12,SAGAUSDT,0.09401709401709013,0.15822784810126223,1.0,0.8004462657778704
2024-08-12 17:33:13,SAGAUSDT,0.13675213675213627,0.11181434599157569,0.9662392588046054,0.7078599279862413
2024-08-12 17:33:14,SAGAUSDT,0.13675213675213627,0.052742616033754075,0.7533347203637554,0.6307967744752803
2024-08-12 17:33:15,SAGAUSDT,0.13675213675213627,0.0,0.34813342567544997,0.6307967744752803
2024-08-12 17:33:16,SAGAUSDT,0.16239316239315826,0.04008438818561899,0.14446453722333738,0.6770209745794911
2024-08-12 17:33:18,SAGAUSDT,0.24786324786325054,0.07805907172993898,0.28232662442114326,0.7848500704565098
2024-08-12 17:33:19,SAGAUSDT,0.27350427350427253,0.11181434599157569,0.3795766735381559,0.6769854132940221
2024-08-12 17:33:20,SAGAUSDT,0.26495726495724625,0.14345991561179972,0.3695065313244189,0.615403294429529
2024-08-12 17:33:21,SAGAUSDT,0.2564102564102484,0.17299578059072473,0.2639137933488084,0.6154023835727309
2024-08-12 17:33:22,SAGAUSDT,0.2564102564102484,0.1962025316455538,0.057173381700055585,0.6307967744752803
2024-08-12 17:33:24,SAGAUSDT,0.2564102564102484,0.19831223628690964,0.04485049060918279,0.6307967744752803
2024-08-12 17:33:26,SAGAUSDT,0.24786324786325054,0.19198312236287052,0.03545742612771181,0.6154014726081372
2024-08-12 17:33:28,SAGAUSDT,0.3333333333333428,0.20886075949368887,0.2085668375445741,0.7847589038711247
2024-08-12 17:33:29,SAGAUSDT,0.3333333333333428,0.22784810126580624,0.2571580232692851,0.6307967744752803
2024-08-12 17:33:31,SAGAUSDT,0.3333333333333428,0.24683544303798044,0.26152105317275237,0.6307967744752803
2024-08-12 17:33:32,SAGAUSDT,0.26495726495724625,0.24894514767930787,0.2497169632410617,0.5076999179561672
2024-08-12 17:33:33,SAGAUSDT,0.26495726495724625,0.253164556962048,0.21972163338737483,0.6307967744752803
2024-08-12 17:33:33,SAGAUSDT,0.2564102564102484,0.23417721518984536,0.2297903845250035,0.6154023835727309
2024-08-12 17:33:35,SAGAUSDT,0.26495726495724625,0.21729957805908384,0.18627807775858632,0.6461920763424522
2024-08-12 17:33:36,SAGAUSDT,0.26495726495724625,0.20042194092823706,0.022425245313918384,0.6307967744752803
2024-08-12 17:33:37,SAGAUSDT,0.29059829059829667,0.20675105485227618,0.07604770679868582,0.6769799471828996
2024-08-12 17:33:38,SAGAUSDT,0.41880341880340666,0.24472573839659617,0.39958489902221217,0.8616716543070514
2024-08-12 17:33:39,SAGAUSDT,0.39316239316238466,0.2784810126582329,0.4333936116630417,0.5846627386105576
2024-08-12 17:33:41,SAGAUSDT,0.36752136752136266,0.3037974683544178,0.38938647318156006,0.5846545563990665
2024-08-12 17:33:42,SAGAUSDT,0.40170940170941094,0.3375527426160545,0.2953839827399932,0.6923306453960669
2024-08-12 17:33:43,SAGAUSDT,0.29059829059829667,0.3375527426160545,0.2953839827399932,0.43085898295893715
2024-08-12 17:33:45,SAGAUSDT,0.39316239316238466,0.33122362869195854,0.26863534475891826,0.8154966783406856
2024-08-12 17:33:46,SAGAUSDT,0.39316239316238466,0.33122362869198696,0.26863534475891826,0.6307967744752803
2024-08-12 17:33:47,SAGAUSDT,0.37606837606838894,0.3333333333333428,0.2691029436241149,0.600035295757814
2024-08-12 17:33:47,SAGAUSDT,0.40170940170941094,0.3333333333333144,0.2691029436241149,0.6769444489717853
2024-08-12 17:33:48,SAGAUSDT,0.39316239316238466,0.3586497890295277,0.05493040834736465,0.6154169443586496
2024-08-12 17:33:50,SAGAUSDT,0.47863247863247693,0.37974683544302934,0.23626461982447433,0.7846041680626404
2024-08-12 17:33:51,SAGAUSDT,0.4871794871795032,0.4029535864978868,0.30294838157814474,0.6461684262480061
2024-08-12 17:33:52,SAGAUSDT,0.4871794871795032,0.430379746835456,0.2805397290983172,0.6307967744752803
2024-08-12 17:33:54,SAGAUSDT,0.5213675213675231,0.45991561181432417,0.28053972909822317,0.6922797488940586
2024-08-12 17:33:55,SAGAUSDT,0.5982905982905891,0.5105485232067792,0.2910966147598747,0.7691007825247786
2024-08-12 17:33:56,SAGAUSDT,0.5384615384615472,0.5253164556961849,0.2691029436232753,0.5232841442272395
2024-08-12 17:33:57,SAGAUSDT,0.5384615384615472,0.5379746835442916,0.2362646198238661,0.6307967744752803
2024-08-12 17:33:57,SAGAUSDT,0.5982905982905891,0.5654008438818607,0.21451010199245796,0.7383538524207035
2024-08-12 17:33:58,SAGAUSDT,0.5982905982905891,0.5843881856540065,0.1922564292121631,0.6307967744752803
2024-08-12 17:33:59,SAGAUSDT,0.5299145299145209,0.5675105485231882,0.20244917285156921,0.5079251970489643
2024-08-12 17:34:01,SAGAUSDT,0.5299145299145209,0.5654008438818607,0.21155934105989538,0.6307967744752803
2024-08-12 17:34:02,SAGAUSDT,0.4615384615384528,0.5464135021096865,0.3356303389371436,0.5078671394847349
2024-08-12 17:34:03,SAGAUSDT,0.4358974358974308,0.5063291139240675,0.3759156117346668,0.584676369183116
2024-08-12 17:34:03,SAGAUSDT,0.41880341880340666,0.46202531645570843,0.30625036882956763,0.6000443860292809
2024-08-12 17:34:05,SAGAUSDT,0.4358974358974308,0.43881856540082254,0.25715802326839515,0.6615527983851146
2024-08-12 17:34:06,SAGAUSDT,0.44444444444442865,0.4177215189873493,0.0910917770334027,0.64617296869828
2024-08-12 17:34:07,SAGAUSDT,0.44444444444442865,0.41350210970466605,0.06141406354752182,0.6307967744752803
2024-08-12 17:34:08,SAGAUSDT,0.32478632478634495,0.3860759493670969,0.29792678989936533,0.4155427772207979
2024-08-12 17:34:09,SAGAUSDT,0.32478632478634495,0.362869198312211,0.37591561173482796,0.6307967744752803
2024-08-12 17:34:11,SAGAUSDT,0.32478632478634495,0.33544303797469865,0.38451285842614125,0.6307967744752803
2024-08-12 17:34:38,SAGAUSDT,0.41880341880340666,0.3291139240506027,0.34741040635668385,0.8000649633191886
2024-08-12 17:34:39,SAGAUSDT,0.39316239316238466,0.31645569620255287,0.26628503410135274,0.5846627386105576
2024-08-12 17:34:40,SAGAUSDT,0.42735042735043294,0.34177215189870935,0.2932481341662641,0.6923197319102128
2024-08-12 17:34:41,SAGAUSDT,0.42735042735043294,0.3670886075949511,0.25470182540402964,0.6307967744752803
2024-08-12 17:34:42,SAGAUSDT,0.42735042735043294,0.392405063291136,0.08685260158918151,0.6307967744752803
2024-08-12 17:34:43,SAGAUSDT,0.47863247863247693,0.4071729957805985,0.17940196241587872,0.7230593926866838
2024-08-12 17:34:44,SAGAUSDT,0.42735042735043294,0.4156118143459935,0.134551471811971,0.5385668638390406
2024-08-12 17:34:45,SAGAUSDT,0.4102564102564088,0.41139240506325336,0.15209541359061063,0.6000425684048124
2024-08-12 17:34:46,SAGAUSDT,0.36752136752136266,0.3966244725738193,0.23412643449013693,0.5539021695651198
2024-08-12 17:34:47,SAGAUSDT,0.36752136752136266,0.38185654008435677,0.2723536578805297,0.6307967744752803
2024-08-12 17:34:48,SAGAUSDT,0.37606837606838894,0.35654008438817186,0.16093141018106802,0.6461802422054769
2024-08-12 17:34:50,SAGAUSDT,0.37606837606838894,0.3438818565400652,0.10398158479860163,0.6307967744752803
2024-08-12 17:34:51,SAGAUSDT,0.3589743589743648,0.33122362869198696,0.04195379236540652,0.600031658144277
2024-08-12 17:34:52,SAGAUSDT,0.24786324786325054,0.30168776371309036,0.32225319384793183,0.4307998682432056
2024-08-12 17:34:53,SAGAUSDT,0.24786324786325054,0.27215189873416534,0.39579128561004384,0.6307967744752803
2024-08-12 17:34:53,SAGAUSDT,0.18803418803418026,0.2257383966244788,0.4722631009400568,0.5230232838982065
2024-08-12 17:34:55,SAGAUSDT,0.22222222222222854,0.18776371308015882,0.37624990758686605,0.6924071483437603
2024-08-12 17:34:56,SAGAUSDT,0.18803418803418026,0.14556962025315556,0.17586311452718037,0.5692009872593908
2024-08-12 17:34:57,SAGAUSDT,0.17094017094018454,0.12658227848100978,0.18218355406580175,0.5999915875410402
2024-08-12 17:34:59,SAGAUSDT,0.17094017094018454,0.10759493670889242,0.12282812709356639,0.6307967744752803
2024-08-12 17:35:00,SAGAUSDT,0.10256410256408799,0.08649789029539079,0.255687135950821,0.5075614349036549
2024-08-12 17:35:01,SAGAUSDT,0.22222222222222854,0.08649789029533395,0.255687135950821,0.8465608220757463
2024-08-12 17:35:01,SAGAUSDT,0.10256410256408799,0.06540084388186074,0.3008662374435424,0.4152115192196817
2024-08-12 17:35:03,SAGAUSDT,0.2564102564102484,0.08649789029533395,0.40737481127526465,0.9082076928187118
2024-08-12 17:35:04,SAGAUSDT,0.31623931623931867,0.12236286919829809,0.5579336134545312,0.7385638875454266
2024-08-12 17:35:05,SAGAUSDT,0.35042735042736695,0.18354430379744713,0.5644305498570027,0.6923524839874027
2024-08-12 17:35:06,SAGAUSDT,0.35042735042736695,0.21518987341769957,0.6094140353089975,0.6307967744752803
2024-08-12 17:35:07,SAGAUSDT,0.32478632478634495,0.2700421940928379,0.22592808618139612,0.584640912928324
2024-08-12 17:35:08,SAGAUSDT,0.3076923076922924,0.2827004219409446,0.11544101572465548,0.6000207401399901
2024-08-12 17:35:09,SAGAUSDT,0.36752136752136266,0.2953586497890228,0.13914498781415366,0.7385256383481988
2024-08-12 17:35:10,SAGAUSDT,0.39316239316238466,0.30590717299580206,0.19868817958793128,0.6769471776658702
2024-08-12 17:35:11,SAGAUSDT,0.5897435897435912,0.36497890295356683,0.6639160420847996,0.9845537797263011
2024-08-12 17:35:11,SAGAUSDT,0.5726495726495671,0.4261603375527159,0.7466293380036355,0.6000770665696117
2024-08-12 17:35:13,SAGAUSDT,0.5213675213675231,0.4789029535865268,0.6021501996693372,0.5386267675362982
2024-08-12 17:35:14,SAGAUSDT,0.42735042735043294,0.49367088607593246,0.512111299821115,0.4617585424147822
2024-08-12 17:35:15,SAGAUSDT,0.40170940170941094,0.4957805907173167,0.49691024218206536,0.5846654653695784
2024-08-12 17:35:16,SAGAUSDT,0.42735042735043294,0.4556962025316409,0.42989844483196904,0.6769362648251722
2024-08-12 17:35:17,SAGAUSDT,0.42735042735043294,0.4198312236287052,0.27142885501395003,0.6307967744752803
2024-08-12 17:35:18,SAGAUSDT,0.35042735042736695,0.3776371308016735,0.19614078987902187,0.49240284715820376
2024-08-12 17:35:19,SAGAUSDT,0.40170940170941094,0.3713080168776344,0.18424219064231787,0.7231084975691927
2024-08-12 17:35:20,SAGAUSDT,0.3333333333333428,0.35443037974684444,0.25715802326844744,0.5077581335421771
2024-08-12 17:35:21,SAGAUSDT,0.29059829059829667,0.32067510548523614,0.31990380751850556,0.5538612391508129
2024-08-12 17:35:22,SAGAUSDT,0.32478632478634495,0.2953586497890228,0.2389104427352867,0.6923634090971013
2024-08-12 17:35:23,SAGAUSDT,0.37606837606838894,0.30168776371306194,0.2571580232684706,0.7231248774810642
2024-08-12 17:35:25,SAGAUSDT,0.37606837606838894,0.2953586497890228,0.21392320594959982,0.6307967744752803
2024-08-12 17:35:26,SAGAUSDT,0.34188034188034067,0.29746835443035025,0.21274455672684767,0.5692665418133024
2024-08-12 17:35:27,SAGAUSDT,0.34188034188034067,0.31012658227848533,0.1345514718120476,0.6307967744752803
2024-08-12 17:35:28,SAGAUSDT,0.34188034188034067,0.314345991561197,0.10986081669344057,0.6307967744752803
2024-08-12 17:35:29,SAGAUSDT,0.39316239316238466,0.3185654008438803,0.14182970448469942,0.7231139568939864
2024-08-12 17:35:30,SAGAUSDT,0.40170940170941094,0.3248945147679194,0.17940196241603032,0.6461775138340279
2024-08-12 17:35:30,SAGAUSDT,0.3846153846153868,0.33544303797469865,0.16856267949143866,0.60003711424199
2024-08-12 17:35:32,SAGAUSDT,0.3846153846153868,0.34599156118142105,0.13548263497685298,0.6307967744752803
2024-08-12 17:35:33,SAGAUSDT,0.3846153846153868,0.35654008438817186,0.0448504906052976,0.6307967744752803
2024-08-12 17:35:35,SAGAUSDT,0.39316239316238466,0.35654008438817186,0.0448504906052976,0.6461784231836515
2024-08-12 17:35:36,SAGAUSDT,0.41880341880340666,0.36075949367088356,0.0868526015899032,0.676938992551523
2024-08-12 17:35:37,SAGAUSDT,0.41880341880340666,0.3691983122362785,0.1027653840749296,0.6307967744752803
2024-08-12 17:35:38,SAGAUSDT,0.34188034188034067,0.3586497890295277,0.18560193005359438,0.4923946668811412
2024-08-12 17:35:39,SAGAUSDT,0.34188034188034067,0.3481012658227769,0.2281431203860811,0.6307967744752803
2024-08-12 17:35:40,SAGAUSDT,0.34188034188034067,0.33544303797469865,0.24718683755989754,0.6307967744752803
2024-08-12 17:35:41,SAGAUSDT,0.42735042735043294,0.3375527426160545,0.26152105317211144,0.7846587451731817
2024-08-12 17:35:42,SAGAUSDT,0.42735042735043294,0.3396624472573819,0.2746520417331733,0.6307967744752803
2024-08-12 17:35:43,SAGAUSDT,0.4871794871795032,0.37552742616034607,0.3678013697960461,0.7384364957219467
2024-08-12 17:35:44,SAGAUSDT,0.4871794871795032,0.4113924050633102,0.3499344383439138,0.6307967744752803
2024-08-12 17:35:45,SAGAUSDT,0.6068376068376153,0.4767932489451425,0.4298984448319802,0.8459871849410047
2024-08-12 17:35:46,SAGAUSDT,0.6239316239316111,0.5253164556961849,0.4984259861463441,0.6615128554968878
2024-08-12 17:35:47,SAGAUSDT,0.6324786324786373,0.5759493670886116,0.43368360407494416,0.6461530019721886
2024-08-12 17:35:48,SAGAUSDT,0.6752136752136835,0.6223628691982981,0.4141087354273792,0.7075733802278751
2024-08-12 17:35:48,SAGAUSDT,0.6666666666666856,0.6666666666666572,0.1700478419273374,0.6154459834525468
2024-08-12 17:35:50,SAGAUSDT,0.6666666666666856,0.6814345991561197,0.13548263497658516,0.6307967744752803
2024-08-12 17:35:51,SAGAUSDT,0.5982905982905891,0.6751054852320522,0.18895847561481033,0.5079831997998187
2024-08-12 17:35:52,SAGAUSDT,0.5384615384615472,0.6518987341772515,0.3484943728172983,0.5232841442272395
2024-08-12 17:35:53,SAGAUSDT,0.5726495726495671,0.6265822784810098,0.3352555422390301,0.6922579618726402
2024-08-12 17:35:54,SAGAUSDT,0.5982905982905891,0.6097046413502198,0.2760218858505825,0.6768817779447568
2024-08-12 17:35:55,SAGAUSDT,0.5726495726495671,0.586497890295334,0.14446453722131583,0.5847199329403974
2024-08-12 17:35:56,SAGAUSDT,0.4871794871795032,0.5590717299578216,0.2517227542033852,0.4771800962436628
2024-08-12 17:35:57,SAGAUSDT,0.47008547008545065,0.5421940928270317,0.33712535898263846,0.6000552872658622
2024-08-12 17:35:58,SAGAUSDT,0.47008547008545065,0.5168776371307899,0.35880392483197243,0.6307967744752803
2024-08-12 17:35:59,SAGAUSDT,0.4871794871795032,0.4894514767932492,0.251722754203566,0.6615418945714037
2024-08-12 17:36:00,SAGAUSDT,0.4615384615384528,0.46202531645568,0.06727573590788524,0.5846845436611676
2024-08-12 17:36:02,SAGAUSDT,0.47008547008545065,0.4578059071729683,0.0549304083490204,0.6461702429060113
2024-08-12 17:36:03,SAGAUSDT,0.5982905982905891,0.4894514767932492,0.33525554223919835,0.8613851751959459
2024-08-12 17:36:04,SAGAUSDT,0.6837606837606813,0.5421940928270317,0.5710737430621567,0.7843862462582041
2024-08-12 17:36:05,SAGAUSDT,0.6837606837606813,0.5907172995780456,0.6425527415297098,0.6307967744752803
2024-08-12 17:36:06,SAGAUSDT,0.6666666666666856,0.6413502109704723,0.5349255421832896,0.6000970038394835
2024-08-12 17:36:07,SAGAUSDT,0.6581196581196593,0.6877637130801872,0.2067505460274995,0.6154450776408548
2024-08-12 17:36:08,SAGAUSDT,0.7777777777777715,0.7320675105485464,0.28232662442000855,0.8457332130178743
2024-08-12 17:36:08,SAGAUSDT,0.7863247863247693,0.7573839662447313,0.3660882660733661,0.6461367040892535
2024-08-12 17:36:10,SAGAUSDT,0.8547008547008659,0.7995780590717061,0.4946279171907249,0.7535089759979224
2024-08-12 17:36:11,SAGAUSDT,0.8376068376068417,0.8417721518987094,0.4521343233111633,0.6001331871981167
2024-08-12 17:36:12,SAGAUSDT,0.7863247863247693,0.8734177215189618,0.20553076814813,0.5387951691520638
2024-08-12 17:36:13,SAGAUSDT,0.7435897435897516,0.8649789029536237,0.2615210531716217,0.5541016485236795
2024-08-12 17:36:14,SAGAUSDT,0.7435897435897516,0.8544303797468444,0.3037772432681372,0.6307967744752803
2024-08-12 17:36:15,SAGAUSDT,0.5641025641025692,0.7827004219409162,0.6048583789089748,0.30858225859210975
2024-08-12 17:36:16,SAGAUSDT,0.7179487179487296,0.753164556962048,0.5031957214853291,0.9073231230171287
2024-08-12 17:36:17,SAGAUSDT,0.6666666666666856,0.723628691983123,0.443713952804686,0.5387191930726645
2024-08-12 17:36:18,SAGAUSDT,0.6068376068376153,0.6898734177215147,0.4391570777054488,0.5233348966342442
2024-08-12 17:36:19,SAGAUSDT,0.5641025641025692,0.6455696202531556,0.3948371871102036,0.5540065719212326
2024-08-12 17:36:20,SAGAUSDT,0.5299145299145209,0.6371308016877322,0.4462567469905098,0.5693464747993235
2024-08-12 17:36:21,SAGAUSDT,0.5555555555555429,0.5970464135021132,0.3143536299730426,0.6768953875967059
2024-08-12 17:36:23,SAGAUSDT,0.5555555555555429,0.569620253164544,0.16402652845536456,0.6307967744752803
2024-08-12 17:36:24,SAGAUSDT,0.5299145299145209,0.5506329113923982,0.09381153164928552,0.5847063281094425
2024-08-12 17:36:25,SAGAUSDT,0.6068376068376153,0.561181434599149,0.18424219064341718,0.7690926138396148
2024-08-12 17:36:26,SAGAUSDT,0.5726495726495671,0.5717299578058714,0.16631007028261843,0.5693646124320653
2024-08-12 17:36:27,SAGAUSDT,0.5555555555555429,0.5717299578059283,0.16631007028261843,0.6000734388289626
2024-08-12 17:36:27,SAGAUSDT,0.5128205128205252,0.561181434599149,0.2156791030314047,0.5539793638655409
2024-08-12 17:36:28,SAGAUSDT,0.5128205128205252,0.5569620253164658,0.23679614945065158,0.6307967744752803
2024-08-12 17:36:30,SAGAUSDT,0.5384615384615472,0.540084388185619,0.15455533726144874,0.6769008337085074
2024-08-12 17:36:31,SAGAUSDT,0.4615384615384528,0.5126582278481067,0.20856683754453062,0.4925091028311771
2024-08-12 17:36:32,SAGAUSDT,0.4358974358974308,0.48312236286921006,0.2471868375606417,0.584676369183116
2024-08-12 17:36:33,SAGAUSDT,0.47008547008545065,0.47257383966243083,0.24204725680941921,0.692301551367279
2024-08-12 17:36:35,SAGAUSDT,0.4871794871795032,0.4662447257383917,0.22425245302085947,0.6615418945714037
2024-08-12 17:36:35,SAGAUSDT,0.4615384615384528,0.4472573839662175,0.10871040995010929,0.5846845436611676
2024-08-12 17:36:37,SAGAUSDT,0.4358974358974308,0.4409282700421784,0.13076052658767365,0.584676369183116
2024-08-12 17:36:38,SAGAUSDT,0.4102564102564088,0.4345991561181677,0.177287130606887,0.5846681918063101
2024-08-12 17:36:38,SAGAUSDT,0.36752136752136266,0.4092827004219828,0.2714288550146171,0.5539021695651198
2024-08-12 17:36:39,SAGAUSDT,0.42735042735043294,0.39451476793246343,0.20491815644963587,0.7384810485866569
2024-08-12 17:36:40,SAGAUSDT,0.42735042735043294,0.3860759493670969,0.16093141018268334,0.6307967744752803
2024-08-12 17:36:42,SAGAUSDT,0.3333333333333428,0.36075949367088356,0.24308386650650463,0.4616486410877359
2024-08-12 17:36:43,SAGAUSDT,0.41880341880340666,0.362869198312211,0.24921299307394146,0.7846678451240994
2024-08-12 17:36:44,SAGAUSDT,0.41880341880340666,0.37552742616034607,0.2367961494505592,0.6307967744752803
2024-08-12 17:36:46,SAGAUSDT,0.3846153846153868,0.36497890295356683,0.2286935267846956,0.5692847266556693
2024-08-12 17:36:47,SAGAUSDT,0.42735042735043294,0.36497890295356683,0.2286935267846956,0.7077050180170209
2024-08-12 17:36:48,SAGAUSDT,0.4358974358974308,0.39029535864978016,0.11434676339350282,0.6461738775104853
2024-08-12 17:36:49,SAGAUSDT,0.4358974358974308,0.39451476793246343,0.12485848162153539,0.6307967744752803
2024-08-12 17:36:51,SAGAUSDT,0.47863247863247693,0.40928270042192594,0.19614078987981182,0.7076777455902787
2024-08-12 17:36:52,SAGAUSDT,0.47008547008545065,0.430379746835456,0.13548263497768298,0.6154251227025833
2024-08-12 17:36:54,SAGAUSDT,0.4871794871795032,0.4451476793248901,0.14182970448562465,0.6615418945714037
2024-08-12 17:36:55,SAGAUSDT,0.4615384615384528,0.4514767932489576,0.11544101572639891,0.5846845436611676
2024-08-12 17:36:57,SAGAUSDT,0.37606837606838894,0.4367088607594951,0.2639137933484982,0.47706209016808565
2024-08-12 17:36:58,SAGAUSDT,0.37606837606838894,0.4113924050633102,0.3159493439316583,0.6307967744752803
2024-08-12 17:36:59,SAGAUSDT,0.37606837606838894,0.3881856540084243,0.32029656863373734,0.6307967744752803
2024-08-12 17:37:00,SAGAUSDT,0.37606837606838894,0.36075949367088356,0.2242524530204717,0.6307967744752803
2024-08-12 17:37:01,SAGAUSDT,0.35042735042736695,0.3333333333333428,0.06727573590820149,0.5846490999787752
2024-08-12 17:37:02,SAGAUSDT,0.35042735042736695,0.32700421940927527,0.08239561252176497,0.6307967744752803
2024-08-12 17:37:03,SAGAUSDT,0.44444444444442865,0.3438818565400652,0.22592808618225915,0.800034933480825
2024-08-12 17:37:04,SAGAUSDT,0.44444444444442865,0.36075949367088356,0.28143459494133805,0.6307967744752803
2024-08-12 17:37:05,SAGAUSDT,0.4615384615384528,0.3818565400844136,0.32303252556437445,0.6615473455116514
2024-08-12 17:37:06,SAGAUSDT,0.4615384615384528,0.40928270042192594,0.27373500397563255,0.6307967744752803
2024-08-12 17:37:07,SAGAUSDT,0.44444444444442865,0.432489451476755,0.054930408349368444,0.6000498376138471
2024-08-12 17:37:08,SAGAUSDT,0.6153846153846132,0.4746835443037867,0.4290202039867572,0.9383024848388183
2024-08-12 17:37:09,SAGAUSDT,0.6153846153846132,0.5168776371307899,0.5143160465369737,0.6307967744752803
2024-08-12 17:37:10,SAGAUSDT,0.6153846153846132,0.5548523206750815,0.5230421063439872,0.6307967744752803
2024-08-12 17:37:11,SAGAUSDT,0.6324786324786373,0.5970464135021132,0.4617640629003543,0.6615110423759767
2024-08-12 17:37:12,SAGAUSDT,0.6324786324786373,0.6434599156117997,0.05493040834747259,0.6307967744752803
2024-08-12 17:37:13,SAGAUSDT,0.5128205128205252,0.6181434599156148,0.2958093018697807,0.4158222783681534
2024-08-12 17:37:14,SAGAUSDT,0.5128205128205252,0.5928270042194299,0.36848438128456273,0.6307967744752803
2024-08-12 17:37:14,SAGAUSDT,0.5641025641025692,0.5801687763713232,0.3517262290563113,0.7230048929417345
2024-08-12 17:37:16,SAGAUSDT,0.5897435897435912,0.569620253164544,0.301700819456409,0.676884499232255
2024-08-12 17:37:17,SAGAUSDT,0.5897435897435912,0.5590717299578216,0.22814312038606727,0.6307967744752803
2024-08-12 17:37:18,SAGAUSDT,0.6153846153846132,0.5843881856540065,0.22814312038601955,0.6768763363337976
2024-08-12 17:37:19,SAGAUSDT,0.6153846153846132,0.6097046413502198,0.12586137710179793,0.6307967744752803
2024-08-12 17:37:20,SAGAUSDT,0.6752136752136835,0.637130801687789,0.20491815644878428,0.7382967121278621
2024-08-12 17:37:21,SAGAUSDT,0.6752136752136835,0.6582278481012622,0.22814312038596082,0.6307967744752803
2024-08-12 17:37:22,SAGAUSDT,0.6666666666666856,0.6772151898734364,0.18424219064235275,0.6154459834525468
2024-08-12 17:37:23,SAGAUSDT,0.5897435897435912,0.6708860759493405,0.2314259239152065,0.49263150296539315
2024-08-12 17:37:24,SAGAUSDT,0.6239316239316111,0.6729957805907247,0.22312837349517298,0.6922361902866174
2024-08-12 17:37:25,SAGAUSDT,0.5128205128205252,0.6329113924050773,0.3874443839005043,0.4311658170151247
2024-08-12 17:37:26,SAGAUSDT,0.5128205128205252,0.5928270042194299,0.3995848990218432,0.6307967744752803
2024-08-12 17:37:27,SAGAUSDT,0.5470085470085451,0.5632911392405049,0.2867451498993503,0.6922688534529357
2024-08-12 17:37:29,SAGAUSDT,0.6153846153846132,0.569620253164544,0.31793272401219363,0.7537118899317449
2024-08-12 17:37:30,SAGAUSDT,0.6581196581196593,0.5780590717299674,0.3812291701338843,0.7075824442271079
2024-08-12 17:37:31,SAGAUSDT,0.6324786324786373,0.6075949367088924,0.3573995987980406,0.5847389662161117
2024-08-12 17:37:32,SAGAUSDT,0.6068376068376153,0.630801687763693,0.24204725680847727,0.5847308110237407
2024-08-12 17:37:33,SAGAUSDT,0.6068376068376153,0.6455696202531556,0.12784356797556523,0.6307967744752803
2024-08-12 17:37:33,SAGAUSDT,0.5726495726495671,0.6350210970464047,0.1876230632939033,0.5693646124320653
2024-08-12 17:37:35,SAGAUSDT,0.5555555555555429,0.6097046413502198,0.17940196241608067,0.6000734388289626
2024-08-12 17:37:36,SAGAUSDT,0.5982905982905891,0.6012658227847965,0.1345514718123227,0.7076141850849907
2024-08-12 17:37:37,SAGAUSDT,0.5982905982905891,0.5991561181434406,0.12586137710206166,0.6307967744752803
2024-08-12 17:37:38,SAGAUSDT,0.5982905982905891,0.5970464135021132,0.11544101572562517,0.6307967744752803
2024-08-12 17:37:39,SAGAUSDT,0.5982905982905891,0.6033755274261523,0.11212622651045671,0.6307967744752803
2024-08-12 17:37:40,SAGAUSDT,0.5982905982905891,0.6139240506329031,0.0,0.6307967744752803
2024-08-12 17:37:41,SAGAUSDT,0.5982905982905891,0.6139240506329031,0.0,0.6307967744752803
2024-08-12 17:37:43,SAGAUSDT,0.6324786324786373,0.6223628691982981,0.08970098120850972,0.6922325631884382
2024-08-12 17:37:44,SAGAUSDT,0.6153846153846132,0.6265822784810098,0.08970098120850972,0.6000861321742539
2024-08-12 17:37:45,SAGAUSDT,0.5982905982905891,0.6265822784810098,0.08970098120850972,0.600082506574555
2024-08-12 17:37:46,SAGAUSDT,0.5982905982905891,0.6265822784810098,0.08970098120850972,0.6307967744752803
2024-08-12 17:37:47,SAGAUSDT,0.5982905982905891,0.6265822784809814,0.08970098120850972,0.6307967744752803
2024-08-12 17:37:48,SAGAUSDT,0.5982905982905891,0.6181434599156148,0.04485049060508978,0.6307967744752803
2024-08-12 17:37:49,SAGAUSDT,0.5641025641025692,0.6054852320675082,0.08970098120842102,0.5693609857621224
2024-08-12 17:37:50,SAGAUSDT,0.5641025641025692,0.5970464135021132,0.1098608166936028,0.6307967744752803
2024-08-12 17:37:52,SAGAUSDT,0.6410256410256352,0.6075949367088924,0.18627807775745336,0.7690599487461467
2024-08-12 17:37:53,SAGAUSDT,0.649572649572633,0.6202531645569422,0.2394360989104263,0.6461511893863273
2024-08-12 17:37:54,SAGAUSDT,0.6324786324786373,0.6286919831223656,0.24971696324034764,0.6000897569181157
2024-08-12 17:37:55,SAGAUSDT,0.6324786324786373,0.6455696202531556,0.20057749162955235,0.6307967744752803
2024-08-12 17:37:56,SAGAUSDT,0.6324786324786373,0.6624472573839739,0.044850490604901525,0.6307967744752803
2024-08-12 17:37:58,SAGAUSDT,0.6324786324786373,0.6603375527426181,0.04485049060488752,0.6307967744752803
2024-08-12 17:37:59,SAGAUSDT,0.5811965811965649,0.6434599156117997,0.13455147181212612,0.53866484757223
2024-08-12 17:38:00,SAGAUSDT,0.5811965811965649,0.630801687763693,0.16479122503997184,0.6307967744752803
2024-08-12 17:38:01,SAGAUSDT,0.5726495726495671,0.6160337552742305,0.17514676485207836,0.6154360136408421
2024-08-12 17:38:02,SAGAUSDT,0.5726495726495671,0.6012658227847965,0.14790465093498104,0.6307967744752803
2024-08-12 17:38:03,SAGAUSDT,0.5726495726495671,0.586497890295334,0.02746520417405806,0.6307967744752803
2024-08-12 17:38:04,SAGAUSDT,0.5726495726495671,0.5843881856540065,0.022425245302850057,0.6307967744752803
2024-08-12 17:38:05,SAGAUSDT,0.5726495726495671,0.5822784810126507,0.0,0.6307967744752803
2024-08-12 17:38:06,SAGAUSDT,0.6068376068376153,0.5907172995780456,0.08970098120821174,0.6922434457679157
2024-08-12 17:38:07,SAGAUSDT,0.6239316239316111,0.6033755274261523,0.1418297044847813,0.6615128554968878
2024-08-12 17:38:08,SAGAUSDT,0.6239316239316111,0.6160337552742305,0.1520954135909415,0.6307967744752803
2024-08-12 17:38:09,SAGAUSDT,0.6239316239316111,0.6286919831223656,0.13076052658655615,0.6307967744752803
2024-08-12 17:38:10,SAGAUSDT,0.6410256410256352,0.6455696202531556,0.07091485224381307,0.6615092294691548
2024-08-12 17:38:11,SAGAUSDT,0.6581196581196593,0.6582278481012622,0.08970098120946052,0.6615056042974322
2024-08-12 17:38:12,SAGAUSDT,0.6581196581196593,0.6666666666666572,0.10028874581623405,0.6307967744752803
2024-08-12 17:38:14,SAGAUSDT,0.6581196581196593,0.6751054852320522,0.08970098120986587,0.6307967744752803
2024-08-12 17:38:15,SAGAUSDT,0.6324786324786373,0.6772151898734364,0.07091485224475293,0.5847389662161117
2024-08-12 17:38:16,SAGAUSDT,0.6324786324786373,0.6751054852320522,0.08239561252201122,0.6307967744752803
2024-08-12 17:38:17,SAGAUSDT,0.6153846153846132,0.6645569620253013,0.10871040994944078,0.6000861321742539
2024-08-12 17:38:18,SAGAUSDT,0.6068376068376153,0.6518987341771947,0.11544101572616505,0.615439640524932
2024-08-12 17:38:19,SAGAUSDT,0.47863247863247693,0.6075949367088356,0.3812291701338441,0.40042616681313736
2024-08-12 17:38:20,SAGAUSDT,0.47863247863247693,0.569620253164544,0.4518561723632315,0.6307967744752803
2024-08-12 17:38:21,SAGAUSDT,0.44444444444442865,0.5232067510548291,0.4698610690287179,0.5693101673844635
2024-08-12 17:38:23,SAGAUSDT,0.45299145299145493,0.4831223628691532,0.3861442312944464,0.6461720599934658
2024-08-12 17:38:24,SAGAUSDT,0.45299145299145493,0.4451476793249185,0.09381153164490086,0.6307967744752803
2024-08-12 17:38:25,SAGAUSDT,0.45299145299145493,0.43881856540082254,0.07604770679260736,0.6307967744752803
2024-08-12 17:38:26,SAGAUSDT,0.45299145299145493,0.4324894514767834,0.022425245292382576,0.6307967744752803
2024-08-12 17:38:27,SAGAUSDT,0.45299145299145493,0.43459915611813926,0.0,0.6307967744752803
2024-08-12 17:38:28,SAGAUSDT,0.47008547008545065,0.43881856540082254,0.04485049059940012,0.6615455283168056
2024-08-12 17:38:29,SAGAUSDT,0.40170940170941094,0.4261603375527159,0.15209541358906778,0.507816294090931
2024-08-12 17:38:30,SAGAUSDT,0.40170940170941094,0.41350210970466605,0.18762306329256812,0.6307967744752803
2024-08-12 17:38:31,SAGAUSDT,0.4102564102564088,0.4029535864978868,0.18762306329249373,0.646176604591911
2024-08-12 17:38:32,SAGAUSDT,0.49572649572650107,0.4135021097046092,0.2581339585519108,0.784585984295659
2024-08-12 17:38:33,SAGAUSDT,0.47008547008545065,0.41350210970466605,0.2581339585519108,0.5846872678432898
2024-08-12 17:38:34,SAGAUSDT,0.42735042735043294,0.4198312236287052,0.23679614944876937,0.5539339742350584
2024-08-12 17:38:35,SAGAUSDT,0.42735042735043294,0.4261603375527159,0.20796316959740313,0.6307967744752803
2024-08-12 17:38:36,SAGAUSDT,0.4615384615384528,0.43881856540082254,0.17225157759498466,0.692305186616216
2024-08-12 17:38:37,SAGAUSDT,0.4615384615384528,0.43037974683542757,0.120763641789733,0.6307967744752803
2024-08-12 17:38:38,SAGAUSDT,0.4615384615384528,0.4282700421940717,0.10986081669115223,0.6307967744752803
2024-08-12 17:38:39,SAGAUSDT,0.4615384615384528,0.4367088607594951,0.08970098120552396,0.6307967744752803
2024-08-12 17:38:40,SAGAUSDT,0.4615384615384528,0.4451476793248901,0.0,0.6307967744752803
2024-08-12 17:38:41,SAGAUSDT,0.4615384615384528,0.4451476793248901,0.0,0.6307967744752803
2024-08-12 17:38:42,SAGAUSDT,0.49572649572650107,0.45358649789028505,0.08970098120577293,0.6922906481982043
2024-08-12 17:38:43,SAGAUSDT,0.47008547008545065,0.4556962025316409,0.08685260158699303,0.5846872678432898
2024-08-12 17:38:44,SAGAUSDT,0.47008547008545065,0.4578059071729683,0.0823956125176185,0.6307967744752803
2024-08-12 17:38:45,SAGAUSDT,0.47008547008545065,0.45991561181432417,0.07604770679283943,0.6307967744752803
2024-08-12 17:38:46,SAGAUSDT,0.47008547008545065,0.46202531645570843,0.06727573590320196,0.6307967744752803
2024-08-12 17:38:47,SAGAUSDT,0.4615384615384528,0.45358649789028505,0.022425245293465193,0.6154242144272475
2024-08-12 17:38:48,SAGAUSDT,0.4615384615384528,0.4514767932489576,0.027465204166322935,0.6307967744752803
2024-08-12 17:38:49,SAGAUSDT,0.47008547008545065,0.4514767932489576,0.027465204166322935,0.6461702429060113
2024-08-12 17:38:50,SAGAUSDT,0.4358974358974308,0.4430379746835058,0.08239561251753591,0.5693065342831201
2024-08-12 17:38:51,SAGAUSDT,0.4102564102564088,0.4282700421940717,0.14446453721948257,0.5846681918063101
2024-08-12 17:38:52,SAGAUSDT,0.4102564102564088,0.41561181434596506,0.16402652845279486,0.6307967744752803
2024-08-12 17:38:53,SAGAUSDT,0.4102564102564088,0.4029535864978868,0.1545553372586871,0.6307967744752803
2024-08-12 17:38:54,SAGAUSDT,0.4102564102564088,0.3881856540084243,0.06727573590285806,0.6307967744752803
2024-08-12 17:38:55,SAGAUSDT,0.4358974358974308,0.3881856540084243,0.06727573590285806,0.6769335374213996
2024-08-12 17:38:56,SAGAUSDT,0.4358974358974308,0.39451476793246343,0.08239561251740207,0.6307967744752803
2024-08-12 17:38:57,SAGAUSDT,0.4358974358974308,0.40084388185653097,0.08239561251742496,0.6307967744752803
2024-08-12 17:38:58,SAGAUSDT,0.4358974358974308,0.4071729957805985,0.0672757359029343,0.6307967744752803
2024-08-12 17:38:59,SAGAUSDT,0.39316239316238466,0.4029535864978868,0.11212622650809112,0.5539158033603107
2024-08-12 17:39:00,SAGAUSDT,0.39316239316238466,0.392405063291136,0.1373260208650187,0.6307967744752803
2024-08-12 17:39:01,SAGAUSDT,0.40170940170941094,0.38396624472574103,0.12979549105882174,0.6461775138340279
2024-08-12 17:39:02,SAGAUSDT,0.40170940170941094,0.37552742616034607,0.1039815847972539,0.6307967744752803
2024-08-12 17:39:03,SAGAUSDT,0.40170940170941094,0.36708860759489426,0.02746520416567747,0.6307967744752803
2024-08-12 17:39:04,SAGAUSDT,0.4102564102564088,0.3713080168776344,0.03545742611527137,0.646176604591911
2024-08-12 17:39:05,SAGAUSDT,0.3333333333333428,0.35654008438817186,0.1862780777560416,0.4923864856369799
2024-08-12 17:39:06,SAGAUSDT,0.35042735042736695,0.34388185654012204,0.20553076814744578,0.661570988605044
2024-08-12 17:39:07,SAGAUSDT,0.35042735042736695,0.33122362869198696,0.20182720771666804,0.6307967744752803
2024-08-12 17:39:08,SAGAUSDT,0.3333333333333428,0.314345991561197,0.18627807775595562,0.6000262001106331
2024-08-12 17:39:09,SAGAUSDT,0.3333333333333428,0.2953586497890228,0.05493040834231263,0.6307967744752803
2024-08-12 17:39:10,SAGAUSDT,0.3333333333333428,0.2953586497890228,0.05493040834231263,0.6307967744752803
2024-08-12 17:39:11,SAGAUSDT,0.3333333333333428,0.29113924050633955,0.044850490598737025,0.6307967744752803
2024-08-12 17:39:12,SAGAUSDT,0.3846153846153868,0.2995780590717345,0.13455147181015067,0.7231194168645717
2024-08-12 17:39:13,SAGAUSDT,0.3333333333333428,0.2995780590717345,0.13455147181015067,0.5385068822251684
2024-08-12 17:39:14,SAGAUSDT,0.3333333333333428,0.2995780590717061,0.13455147181015067,0.6307967744752803
2024-08-12 17:39:15,SAGAUSDT,0.39316239316238466,0.314345991561197,0.1794019624145586,0.7385065239294826
2024-08-12 17:39:16,SAGAUSDT,0.35042735042736695,0.3185654008438803,0.166310070279916,0.5538930776816002
2024-08-12 17:39:17,SAGAUSDT,0.31623931623931867,0.30168776371309036,0.17225157759488113,0.569255625745986
2024-08-12 17:39:18,SAGAUSDT,0.34188034188034067,0.3037974683544178,0.16856267948982512,0.676963556609372
2024-08-12 17:39:19,SAGAUSDT,0.34188034188034067,0.30590717299580206,0.16402652845265234,0.6307967744752803
2024-08-12 17:39:20,SAGAUSDT,0.34188034188034067,0.293248945147667,0.07604770679231034,0.6307967744752803
2024-08-12 17:39:21,SAGAUSDT,0.3589743589743648,0.2953586497890228,0.08970098120540025,0.6615691686148489
2024-08-12 17:39:22,SAGAUSDT,0.35042735042736695,0.3037974683544178,0.04485049059887083,0.6154123970728241
2024-08-12 17:39:23,SAGAUSDT,0.32478632478634495,0.2995780590717345,0.07437612449530644,0.584640912928324
2024-08-12 17:39:24,SAGAUSDT,0.3333333333333428,0.29746835443035025,0.07928521511117077,0.646184791642882
2024-08-12 17:39:25,SAGAUSDT,0.3333333333333428,0.2953586497890228,0.08239561251717381,0.6307967744752803
2024-08-12 17:39:26,SAGAUSDT,0.3333333333333428,0.2890295358649837,0.05493040834255528,0.6307967744752803
2024-08-12 17:39:27,SAGAUSDT,0.31623931623931867,0.2805907172995603,0.044850490599126804,0.6000225603455165
2024-08-12 17:39:28,SAGAUSDT,0.31623931623931867,0.2784810126582329,0.05493040834268805,0.6307967744752803
2024-08-12 17:39:29,SAGAUSDT,0.31623931623931867,0.2742616033755212,0.05493040834276682,0.6307967744752803
2024-08-12 17:39:30,SAGAUSDT,0.31623931623931867,0.2700421940928379,0.04485049059934931,0.6307967744752803
2024-08-12 17:39:31,SAGAUSDT,0.31623931623931867,0.2658227848101262,0.0,0.6307967744752803
2024-08-12 17:39:32,SAGAUSDT,0.31623931623931867,0.2658227848101262,0.0,0.6307967744752803
2024-08-12 17:39:33,SAGAUSDT,0.31623931623931867,0.2658227848101262,0.0,0.6307967744752803
2024-08-12 17:39:34,SAGAUSDT,0.34188034188034067,0.27215189873416534,0.06727573590285701,0.676963556609372
2024-08-12 17:39:35,SAGAUSDT,0.36752136752136266,0.2848101265823004,0.13455147181026372,0.6769553656846333
2024-08-12 17:39:36,SAGAUSDT,0.36752136752136266,0.29746835443035025,0.1504331187204879,0.6307967744752803
2024-08-12 17:39:37,SAGAUSDT,0.36752136752136266,0.31012658227848533,0.1345514718101268,0.6307967744752803
2024-08-12 17:39:38,SAGAUSDT,0.36752136752136266,0.322784810126592,0.06727573590236686,0.6307967744752803
2024-08-12 17:39:39,SAGAUSDT,0.5726495726495671,0.37974683544305776,0.5382058872471034,1.0
2024-08-12 17:39:40,SAGAUSDT,0.4358974358974308,0.3966244725738193,0.523042106343361,0.38501008930465186
2024-08-12 17:39:41,SAGAUSDT,0.4358974358974308,0.4135021097046092,0.4913125083787553,0.6307967744752803
2024-08-12 17:39:42,SAGAUSDT,0.37606837606838894,0.41561181434596506,0.48149043602047986,0.5231634149143113
2024-08-12 17:39:43,SAGAUSDT,0.37606837606838894,0.4177215189873493,0.4711970429189183,0.6307967744752803
2024-08-12 17:39:44,SAGAUSDT,0.37606837606838894,0.3691983122362785,0.1922564292117429,0.6307967744752803
2024-08-12 17:39:45,SAGAUSDT,0.37606837606838894,0.35443037974684444,0.15697671711223118,0.6307967744752803
2024-08-12 17:39:47,SAGAUSDT,0.37606837606838894,0.3396624472573819,0.0,0.6307967744752803
2024-08-12 17:39:48,SAGAUSDT,0.37606837606838894,0.3396624472573819,0.0,0.6307967744752803
2024-08-12 17:39:49,SAGAUSDT,0.37606837606838894,0.3396624472573819,0.0,0.6307967744752803
2024-08-12 17:39:50,SAGAUSDT,0.45299145299145493,0.3586497890295277,0.2018272077165436,0.7692397979647376
2024-08-12 17:39:51,SAGAUSDT,0.45299145299145493,0.3776371308016735,0.24718683755860785,0.6307967744752803
2024-08-12 17:39:52,SAGAUSDT,0.47863247863247693,0.4029535864978868,0.28143459493980527,0.6769199052375683
2024-08-12 17:39:53,SAGAUSDT,0.47863247863247693,0.4282700421940717,0.24718683755845872,0.6307967744752803
2024-08-12 17:39:54,SAGAUSDT,0.47863247863247693,0.45358649789028505,0.08239561251598561,0.6307967744752803
2024-08-12 17:39:55,SAGAUSDT,0.47863247863247693,0.45991561181432417,0.06727573590106724,0.6307967744752803
2024-08-12 17:39:56,SAGAUSDT,0.47863247863247693,0.4662447257383917,0.0,0.6307967744752803
2024-08-12 17:39:57,SAGAUSDT,0.47863247863247693,0.4662447257383917,0.0,0.6307967744752803
2024-08-12 17:39:58,SAGAUSDT,0.47863247863247693,0.4662447257383917,0.0,0.6307967744752803
2024-08-12 17:39:59,SAGAUSDT,0.5128205128205252,0.4746835443037867,0.08970098120416177,0.692283381566126
2024-08-12 17:40:00,SAGAUSDT,0.4871794871795032,0.4767932489451425,0.08685260158527922,0.5846927152420531
2024-08-12 17:40:01,SAGAUSDT,0.4871794871795032,0.4789029535865268,0.0823956125157404,0.6307967744752803
2024-08-12 17:40:03,SAGAUSDT,0.6068376068376153,0.5105485232067792,0.3119447543964736,0.8459871849410047
2024-08-12 17:40:04,SAGAUSDT,0.6068376068376153,0.5421940928270317,0.36229092537357593,0.6307967744752803
2024-08-12 17:40:05,SAGAUSDT,0.6239316239316111,0.5696202531646009,0.4048983457035769,0.6615128554968878
2024-08-12 17:40:06,SAGAUSDT,0.6068376068376153,0.5991561181434406,0.3280530569066388,0.6000843194814057
2024-08-12 17:40:07,SAGAUSDT,0.5811965811965649,0.6223628691982981,0.0897009812022839,0.5847226529428691
2024-08-12 17:40:08,SAGAUSDT,0.7179487179487296,0.6497890295358673,0.3103284494554903,0.8765689478265218
2024-08-12 17:40:09,SAGAUSDT,0.7521367521367495,0.685654008438803,0.4362848619457444,0.6921818287436715
2024-08-12 17:40:10,SAGAUSDT,0.7948717948717956,0.7278481012658062,0.5440144505453836,0.7075099921001897
2024-08-12 17:40:11,SAGAUSDT,0.7948717948717956,0.7742616033755212,0.5179697702810981,0.6307967744752803
2024-08-12 17:40:11,SAGAUSDT,0.8119658119657913,0.831223628691987,0.22592808617763135,0.6614730162219065
2024-08-12 17:40:13,SAGAUSDT,0.9145299145299077,0.8797468354430293,0.35528270199713835,0.8148325251848657
2024-08-12 17:40:14,SAGAUSDT,0.974358974358978,0.9345991561181677,0.4804448529475178,0.7380750758284237
2024-08-12 17:40:15,SAGAUSDT,0.974358974358978,0.97890295358647,0.5071775499106366,0.6307967744752803
2024-08-12 17:40:16,SAGAUSDT,0.8376068376068417,0.9894514767932492,0.4437139528015787,0.38569029740710664
2024-08-12 17:40:17,SAGAUSDT,0.7521367521367495,0.9746835443037867,0.5610794581948204,0.47746076560328166
2024-08-12 17:40:18,SAGAUSDT,0.7179487179487296,0.9261603375527727,0.7070178760758983,0.5694262003753526
2024-08-12 17:40:19,SAGAUSDT,0.8119658119657913,0.8860759493670969,0.5808961022569803,0.7996056737133996
2024-08-12 17:40:20,SAGAUSDT,0.8119658119657913,0.845991561181421,0.2902315411816339,0.6307967744752803
2024-08-12 17:40:21,SAGAUSDT,0.7521367521367495,0.8248945147679194,0.24308386650314234,0.5234425865613891
2024-08-12 17:40:22,SAGAUSDT,0.7094017094017033,0.8143459915611402,0.29023154118203437,0.5540835568503997
2024-08-12 17:40:23,SAGAUSDT,0.7692307692307736,0.8270042194092753,0.2542077379811496,0.7382269563872516
2024-08-12 17:40:24,SAGAUSDT,0.7692307692307736,0.8164556962025245,0.21684180203479037,0.6307967744752803
2024-08-12 17:40:25,SAGAUSDT,0.7692307692307736,0.8059071729958021,0.15209541358707904,0.6307967744752803
2024-08-12 17:40:26,SAGAUSDT,0.7692307692307736,0.8101265822784853,0.1569767171103814,0.6307967744752803
2024-08-12 17:40:27,SAGAUSDT,0.7264957264957275,0.814345991561197,0.11212622650489686,0.5540926037538031
2024-08-12 17:40:28,SAGAUSDT,0.7264957264957275,0.8037974683544178,0.13732602086270534,0.6307967744752803
2024-08-12 17:40:29,SAGAUSDT,0.8119658119657913,0.814345991561197,0.2097689618332465,0.784250358439567
2024-08-12 17:40:29,SAGAUSDT,0.8547008547008659,0.8354430379746987,0.32690131646294357,0.7074783372709457
2024-08-12 17:40:31,SAGAUSDT,0.9230769230769056,0.8734177215189618,0.49716318708968693,0.7534511235839344
2024-08-12 17:40:32,SAGAUSDT,0.8888888888888857,0.913502109704666,0.44653838585914646,0.5694984988663736
2024-08-12 17:40:33,SAGAUSDT,0.8376068376068417,0.9409282700421784,0.2556871359471251,0.5388276919607841
2024-08-12 17:40:34,SAGAUSDT,0.8717948717948616,0.9556962025316693,0.19290925427482425,0.6921311780240913
2024-08-12 17:40:35,SAGAUSDT,0.8632478632478637,0.9578059071730252,0.1862780777509201,0.6154667876593506
2024-08-12 17:40:36,SAGAUSDT,0.8632478632478637,0.9430379746835058,0.10871040993786096,0.6307967744752803
2024-08-12 17:40:38,SAGAUSDT,0.8632478632478637,0.9367088607594951,0.07604770678111425,0.6307967744752803
2024-08-12 17:40:39,SAGAUSDT,0.8632478632478637,0.9430379746835058,0.022425245252660642,0.6307967744752803
2024-08-12 17:40:40,SAGAUSDT,0.9145299145299077,0.953586497890285,0.13455147180331983,0.7227821155193992
2024-08-12 17:40:41,SAGAUSDT,0.9145299145299077,0.9662447257383917,0.1647912250324474,0.6307967744752803
2024-08-12 17:40:42,SAGAUSDT,1.0,1.0,0.3280530569039514,0.7840514906941392
